,f3db,gm_db,lf_gain,pm_deg,ug,v(lpo),v(xdut.vd1),vdiff,name,type,time,OK
0,37.19144,-12.13793,47.44318,52.03317,8.089585999999999,0.7935099,0.746296,-0.17985099999999998,lstb_SchGtAttTtVt,Sch,Sun Dec 18 12:01:50 2022,True
