,dvderr,offset,ibp_1u_0,ibp_1u_1,ibp_1u_2,ibp_1u_3,i_active,i_pwrdwn,name,type,time,OK
0,2.479995,0.6166295,0.7838742000000001,0.7838742000000001,0.7838741,0.7838741,26.96886,280.48479999999995,tran_SchGtAttTtVt,Sch,Fri Feb  3 19:09:04 2023,False
