,dvderr,offset,ibp_1u_0,ibp_1u_1,ibp_1u_2,ibp_1u_3,i_active,i_pwrdwn,name,type,time,OK
0,2.019539,0.136907,0.7839534,0.7839534,0.7839534,0.7839534,26.97075,84.84145000000001,tran_SchGtAttTtVt,Sch,Sun Dec 18 12:01:48 2022,False
