,dvderr,offset,ibp_1u_0,ibp_1u_1,ibp_1u_2,ibp_1u_3,i_active,i_pwrdwn,m_temp,m_temp_err,vref,name,type,time,OK
0,2.414022,-0.24967810000000001,1.5722280000000002,1.5722280000000002,1.5722280000000002,1.5722280000000002,48.36954,83.43078,32.95843,5.958426,1.203167,tran_SchGtAttTtVt,Sch,Sat Nov 19 14:11:06 2022,False
