,offset_max,offset_min,ibp,ibp_max_ppm_c,ibp_typ_ppm_c,ibp_min_ppm_c,name,type,time,OK
0,1.36018,-0.47203300000000004,3.116113,3454.5477492719574,3003.5368100808705,2480.6219352662774,tsweep_SchGtAttTtVt,Sch,Sun Jan 22 23:05:34 2023,True
