,offset_max,offset_min,m_temp_err_max,m_temp_err_min,vref_avg,vref_max,vref_min,name,type,time,OK
0,3.556754,-0.2882281,19.11592,2.961548,1.205398,1.215587,1.203194,tsweep_SchGtTtAfsVh,Sch,Sat Nov 19 14:11:14 2022,False
1,0.5478701,-0.3210688,11.6928,3.33773,1.204683,1.205374,1.202989,tsweep_SchGtTtAsfVh,Sch,Sat Nov 19 14:11:14 2022,False
2,5.2062669999999995,0.07303079999999999,24.17447,4.042659,1.203981,1.218902,1.202,tsweep_SchGtTtAffVh,Sch,Sat Nov 19 14:11:14 2022,False
3,0.2098468,-0.6291653,10.00029,2.257033,1.206372,1.20706,1.204373,tsweep_SchGtTtAssVh,Sch,Sat Nov 19 14:11:14 2022,False
4,-0.11112699999999999,-1.26438,6.353656,0.1232774,1.198063,1.199626,1.193921,tsweep_SchGtTtAfsVl,Sch,Sat Nov 19 14:11:14 2022,False
5,-0.4347646,-1.187533,7.876888,0.8700468,1.199846,1.200969,1.196509,tsweep_SchGtTtAsfVl,Sch,Sat Nov 19 14:11:14 2022,False
6,0.3426633,-0.8674731999999999,8.519611,1.325386,1.19656,1.198194,1.192337,tsweep_SchGtTtAffVl,Sch,Sat Nov 19 14:11:14 2022,False
7,-0.7804703000000001,-1.489427,5.878617,-0.2025095,1.201357,1.202385,1.19875,tsweep_SchGtTtAssVl,Sch,Sat Nov 19 14:11:14 2022,False
