,offset_max,offset_min,ibp,ibp_max_ppm_c,ibp_typ_ppm_c,ibp_min_ppm_c,name,type,time,OK
0,2.276262,-0.00237157,3.1338380000000003,3451.0803051714333,3007.599301703164,2493.6703208569647,tsweep_SchGtTtAfsVh,Sch,Sun Dec 18 12:01:57 2022,False
1,1.5492679999999999,-0.07858068,3.123349,3435.544206669392,2981.7489464458718,2450.2357334761796,tsweep_SchGtTtAsfVh,Sch,Sun Dec 18 12:01:57 2022,False
2,2.693745,0.3391645,3.143327,3447.2307508947392,3004.501644633185,2490.829587495535,tsweep_SchGtTtAffVh,Sch,Sun Dec 18 12:01:57 2022,False
3,1.230577,-0.38047359999999997,3.113589,3442.3985608046733,2986.916642314149,2462.022132616071,tsweep_SchGtTtAssVh,Sch,Sun Dec 18 12:01:57 2022,False
4,1.099691,-0.9789505000000001,3.107711,3478.294223591885,3026.331026302419,2508.8576549184977,tsweep_SchGtTtAfsVl,Sch,Sun Dec 18 12:01:57 2022,True
5,0.5174046000000001,-0.922334,3.099114,3459.699254758069,2998.16723313348,2462.4239545717332,tsweep_SchGtTtAsfVl,Sch,Sun Dec 18 12:01:57 2022,False
6,1.5058440000000002,-0.6005754999999999,3.117127,3468.155784261587,3020.181378206187,2498.5561620445706,tsweep_SchGtTtAffVl,Sch,Sun Dec 18 12:01:57 2022,False
7,0.1772261,-1.240534,3.089258,3467.0031020032475,3003.5788600897954,2474.180835615765,tsweep_SchGtTtAssVl,Sch,Sun Dec 18 12:01:57 2022,False
