,offset_max,offset_min,ibp,ibp_max_ppm_c,ibp_typ_ppm_c,ibp_min_ppm_c,name,type,time,OK
0,2.2762350000000002,-0.002327104,3.1338380000000003,3451.1391126251365,3007.6018198209817,2493.6203600915114,tsweep_SchGtTtAfsVh,Sch,Sun Jan 22 23:19:16 2023,True
1,1.5492469999999998,-0.0784527,3.123357,3437.3438623918764,2981.768009090946,2450.246098087576,tsweep_SchGtTtAsfVh,Sch,Sun Jan 22 23:19:16 2023,True
2,2.693749,0.33897210000000005,3.143319,3447.061800805653,3004.5144586869933,2491.038071802747,tsweep_SchGtTtAffVh,Sch,Sun Jan 22 23:19:16 2023,True
3,1.230547,-0.3804454,3.113579,3442.4406926127335,2986.9240288027577,2461.91587596969,tsweep_SchGtTtAssVh,Sch,Sun Jan 22 23:19:16 2023,True
4,1.099737,-0.9788007,3.107712,3478.333409662737,3026.318993669977,2508.96897384273,tsweep_SchGtTtAfsVl,Sch,Sun Jan 22 23:19:16 2023,True
5,0.5174135000000001,-0.9223442000000001,3.0991090000000003,3459.7796841933728,2998.1634346368323,2462.445929955713,tsweep_SchGtTtAsfVl,Sch,Sun Jan 22 23:19:16 2023,True
6,1.505838,-0.6006656,3.117119,3470.0386264887084,3020.2068158177126,2498.495101596154,tsweep_SchGtTtAffVl,Sch,Sun Jan 22 23:19:16 2023,True
7,0.1772458,-1.240505,3.089257,3466.671583924365,3003.590686182608,2474.2857285167656,tsweep_SchGtTtAssVl,Sch,Sun Jan 22 23:19:16 2023,True
