,offset_max,offset_min,ibp,ibp_max_ppm_c,ibp_typ_ppm_c,ibp_min_ppm_c,name,type,time,OK
0,2.698865,0.06364847,3.127002,3467.7772267896503,3028.4631391346607,2506.78294860503,tsweep_SchGtTtKfsVh,Sch,Fri Feb  3 22:20:51 2023,True
1,2.033803,0.06185157,3.1222849999999998,3449.4470712988464,2996.838640076785,2455.3903802760874,tsweep_SchGtTtKsfVh,Sch,Fri Feb  3 22:20:51 2023,True
2,3.127065,0.4127839,3.13748,3465.2761409641016,3024.155315324943,2502.845991775174,tsweep_SchGtTtKffVh,Sch,Fri Feb  3 22:20:51 2023,True
3,1.709985,-0.2457502,3.110579,3455.0496294290897,3003.046641419828,2468.3485405903616,tsweep_SchGtTtKssVh,Sch,Fri Feb  3 22:20:51 2023,True
4,1.5318260000000001,-0.9107772000000001,3.09807,3498.3814356475887,3050.4050553434067,2524.3085950334735,tsweep_SchGtTtKfsVl,Sch,Fri Feb  3 22:20:51 2023,True
5,1.023169,-0.7690015,3.097318,3475.3777678638626,3014.6067215652142,2469.053811243231,tsweep_SchGtTtKsfVl,Sch,Fri Feb  3 22:20:51 2023,True
6,1.951861,-0.5226627,3.1090600000000004,3487.3809170982986,3042.7434113777244,2513.19454512934,tsweep_SchGtTtKffVl,Sch,Fri Feb  3 22:20:51 2023,True
7,0.672792,-1.097207,3.085064,3480.9975893945234,3021.231176515913,2482.2745631649514,tsweep_SchGtTtKssVl,Sch,Fri Feb  3 22:20:51 2023,True
