,offset_max,offset_min,ibp,ibp_max_ppm_c,ibp_typ_ppm_c,ibp_min_ppm_c,name,type,time,OK
0,2.276231,-0.0021570170000000002,0.7834578,3452.836836188077,3007.577915066702,2494.260910933579,tsweep_SchGtTtKfsVh,Sch,Thu May 25 17:00:19 2023,False
1,1.54925,-0.07861678,0.7808377,3438.270284349601,2981.769556455657,2450.282734749143,tsweep_SchGtTtKsfVh,Sch,Thu May 25 17:00:19 2023,False
2,2.6937469999999997,0.339151,0.7858332,3446.6444304890156,3004.5542830386325,2491.146751560889,tsweep_SchGtTtKffVh,Sch,Thu May 25 17:00:19 2023,False
3,1.230527,-0.3803145,0.7783949,3442.187066165291,2986.8950273573178,2461.415182626518,tsweep_SchGtTtKssVh,Sch,Thu May 25 17:00:19 2023,False
4,1.099723,-0.9788240000000001,0.7769303000000001,3476.481507437232,3026.346158630029,2508.2461502474257,tsweep_SchGtTtKfsVl,Sch,Thu May 25 17:00:19 2023,False
5,0.5174033,-0.9223216000000001,0.7747781,3459.8944869669767,2998.187843885379,2463.670055023402,tsweep_SchGtTtKsfVl,Sch,Thu May 25 17:00:19 2023,False
6,1.505846,-0.6005796999999999,0.7792846999999999,3467.37031883629,3020.136667214922,2498.4824896132513,tsweep_SchGtTtKffVl,Sch,Thu May 25 17:00:19 2023,False
7,0.17723319999999998,-1.240587,0.7723156999999999,3466.91813164532,3003.5751023623984,2474.2150084859313,tsweep_SchGtTtKssVl,Sch,Thu May 25 17:00:19 2023,False
